"gbd_condition","ontology_id","channels","channel_details"
"Acne vulgaris","MONDO:0011438","legacy_first_part|lexical","search='Acne vulgaris' label='acne' ;; source_col=EFO 3 raw=MONDO:0011438"
"Acute glomerulonephritis","MONDO:0001166","lexical","search='Acute glomerulonephritis' label='nephritis'"
"Acute glomerulonephritis","MONDO:0002462","lexical","search='Acute glomerulonephritis' label='glomerulonephritis'"
"Acute hepatitis","HP:0012115","lexical","search='Acute hepatitis' label='Hepatitis'"
"Acute hepatitis","MONDO:0100370","lexical","search='Acute hepatitis' label='acute hepatitis B virus infection'"
"Acute hepatitis A","HP:0012115","lexical","search='Acute hepatitis A' label='Hepatitis'"
"Acute hepatitis B","HP:0012115","lexical","search='Acute hepatitis B' label='Hepatitis'"
"Acute hepatitis B","MONDO:0100370","legacy_first_part|lexical","search='Acute hepatitis B' label='acute hepatitis B virus infection' ;; source_col=EFO 1 raw=MONDO:0100370"
"Acute hepatitis C","HP:0012115","lexical","search='Acute hepatitis C' label='Hepatitis'"
"Acute hepatitis E","HP:0012115","lexical","search='Acute hepatitis E' label='Hepatitis'"
"Acute lymphoid leukemia","MONDO:0004967","legacy_first_part","source_col=EFO 4 raw=MONDO:0004967"
"Acute lymphoid leukemia","MONDO:0005059","lexical","search='Acute lymphoid leukemia' label='leukemia'"
"Acute lymphoid leukemia","MONDO:0005402","lexical","search='Acute lymphoid leukemia' label='lymphoid leukemia'"
"Acute myeloid leukemia","MONDO:0004643","lexical","search='Acute myeloid leukemia' label='myeloid leukemia'"
"Acute myeloid leukemia","MONDO:0005059","lexical","search='Acute myeloid leukemia' label='leukemia'"
"Acute myeloid leukemia","MONDO:0018874","legacy_first_part|lexical","search='Acute myeloid leukemia' label='acute myeloid leukemia' ;; source_col=EFO 2 raw=MONDO:0018874"
"Age-related macular degeneration","MONDO:0003004","lexical","search='Age-related macular degeneration' label='macular degeneration'"
"Age-related macular degeneration","MONDO:0005150","legacy_first_part|lexical","search='Age-related macular degeneration' label='age-related macular degeneration' ;; source_col=EFO 2 raw=MONDO:0005150"
"Alcoholic cardiomyopathy","MONDO:0004994","lexical","search='Alcoholic cardiomyopathy' label='cardiomyopathy'"
"Alcoholic cardiomyopathy","MONDO:0005336","lexical","search='Alcoholic cardiomyopathy' label='myopathy'"
"Alopecia areata","MONDO:0004907","lexical","search='Alopecia areata' label='alopecia'"
"Alopecia areata","MONDO:0005340","legacy_first_part|lexical","search='Alopecia areata' label='alopecia areata' ;; source_col=EFO 2 raw=MONDO:0005340"
"Alzheimer's disease and other dementias","MONDO:0000001","lexical","search='Alzheimer's disease and other dementias' label='disease'"
"Alzheimer's disease and other dementias","MONDO:0001627","legacy_second_part|lexical","search='Alzheimer's disease and other dementias' label='dementia' ;; source_col=MAPPED_TRAIT_URI...4 raw=MONDO:0001627"
"Alzheimer's disease and other dementias","MONDO:0004975","legacy_second_part","source_col=MAPPED_TRAIT_URI...2 raw=MONDO:0004975"
"Anorexia nervosa","HP:0002039","lexical","search='Anorexia nervosa' label='Anorexia'"
"Anorexia nervosa","MONDO:0005351","legacy_first_part|lexical","search='Anorexia nervosa' label='anorexia nervosa' ;; source_col=EFO 1 raw=MONDO:0005351"
"Anorexia nervosa","OBA:2050099","lexical","search='Anorexia nervosa' label='age of onset of anorexia nervosa'"
"Anxiety disorders","HP:0000739","lexical","search='Anxiety disorders' label='Anxiety'"
"Anxiety disorders","MONDO:0005618","legacy_second_part|lexical","search='Anxiety disorders' label='anxiety disorder' ;; source_col=MAPPED_TRAIT_URI...2 raw=MONDO:0005618"
"Aortic aneurysm","EFO:0009659","lexical","search='Aortic aneurysm' label='aneurysm'"
"Aortic aneurysm","MONDO:0005160","legacy_first_part|lexical","search='Aortic aneurysm' label='aortic aneurysm' ;; source_col=EFO 2 raw=MONDO:0005160"
"Aortic aneurysm","MONDO:0005350","lexical","search='Aortic aneurysm' label='abdominal aortic aneurysm'"
"Aortic aneurysm","MONDO:0005396","lexical","search='Aortic aneurysm' label='thoracic aortic aneurysm'"
"Appendicitis","MONDO:0005649","legacy_first_part|lexical","search='Appendicitis' label='appendicitis' ;; source_col=EFO 2 raw=MONDO:0005649"
"Asthma","EFO:0007614","lexical","search='Asthma' label='asthma exacerbation measurement'"
"Asthma","EFO:0009759","lexical","search='Asthma' label='Chronic Obstructive Asthma'"
"Asthma","EFO:0010049","lexical","search='Asthma' label='asthma symptoms measurement'"
"Asthma","EFO:0010638","lexical","search='Asthma' label='atopic asthma'"
"Asthma","EFO:1002011","lexical","search='Asthma' label='adult onset asthma'"
"Asthma","HP:0012042","lexical","search='Asthma' label='Aspirin-induced asthma'"
"Asthma","MONDO:0004766","lexical","search='Asthma' label='status asthmaticus'"
"Asthma","MONDO:0004784","lexical","search='Asthma' label='allergic asthma'"
"Asthma","MONDO:0004979","legacy_first_part|lexical","search='Asthma' label='asthma' ;; source_col=EFO 2 raw=MONDO:0004979"
"Asthma","MONDO:0005405","lexical","search='Asthma' label='childhood onset asthma'"
"Asthma","MONDO:0956975","lexical","search='Asthma' label='T2-high asthma'"
"Asthma","OBA:2001001","lexical","search='Asthma' label='age of onset of asthma'"
"Asthma","OBA:2001015","lexical","search='Asthma' label='age of onset of childhood onset asthma'"
"Atopic dermatitis","EFO:1000651","lexical","search='Atopic dermatitis' label='recalcitrant atopic dermatitis'"
"Atopic dermatitis","MONDO:0002406","lexical","search='Atopic dermatitis' label='dermatitis'"
"Atrial fibrillation and flutter","MONDO:0004981","legacy_first_part|lexical","search='Atrial fibrillation and flutter' label='atrial fibrillation' ;; source_col=EFO 4 raw=MONDO:0004981"
"Atrial fibrillation and flutter","MONDO:0005310","legacy_first_part","source_col=EFO 3 raw=MONDO:0005310"
"Attention-deficit/hyperactivity disorder","MONDO:0007743","legacy_first_part","source_col=EFO 3 raw=MONDO:0007743"
"Autism spectrum disorders","MONDO:0005258","legacy_second_part|lexical","search='Autism spectrum disorders' label='autism spectrum disorder' ;; source_col=MAPPED_TRAIT_URI...2 raw=MONDO:0005258"
"Autism spectrum disorders","MONDO:0005260","lexical","search='Autism spectrum disorders' label='autism'"
"Bacterial skin diseases","MONDO:0000001","lexical","search='Bacterial skin diseases' label='disease'"
"Benign and in situ cervical and uterine neoplasms","MONDO:0000632","legacy_second_part","source_col=MAPPED_TRAIT_URI...2 raw=MONDO:0000632"
"Benign and in situ cervical and uterine neoplasms","MONDO:0005070","lexical","search='Benign and in situ cervical and uterine neoplasms' label='neoplasm'"
"Benign and in situ cervical and uterine neoplasms","MONDO:0042487","legacy_second_part","source_col=MAPPED_TRAIT_URI...6 raw=MONDO:0042487"
"Benign and in situ intestinal neoplasms","MONDO:0005070","lexical","search='Benign and in situ intestinal neoplasms' label='neoplasm'"
"Benign prostatic hyperplasia","MONDO:0005043","lexical","search='Benign prostatic hyperplasia' label='hyperplasia'"
"Benign prostatic hyperplasia","MONDO:0010811","legacy_first_part|lexical","search='Benign prostatic hyperplasia' label='benign prostatic hyperplasia' ;; source_col=EFO 3 raw=MONDO:0010811"
"Bipolar disorder","MONDO:0004985","legacy_first_part|lexical","search='Bipolar disorder' label='bipolar disorder' ;; source_col=EFO 1 raw=MONDO:0004985"
"Bipolar disorder","OBA:2001019","lexical","search='Bipolar disorder' label='age of onset of bipolar disorder'"
"Bladder cancer","MONDO:0001187","legacy_first_part|lexical","search='Bladder cancer' label='urinary bladder cancer' ;; source_col=EFO 1 raw=MONDO:0001187"
"Bladder cancer","MONDO:0004992","lexical","search='Bladder cancer' label='cancer'"
"Blindness and vision loss","HP:0000572","legacy_first_part","source_col=EFO 5 raw=HP:0000572"
"Blindness and vision loss","HP:0000618","legacy_first_part|lexical","search='Blindness and vision loss' label='Blindness' ;; source_col=EFO 1 raw=HP:0000618"
"Brain and central nervous system cancer","MONDO:0001657","legacy_first_part","source_col=EFO 4 raw=MONDO:0001657"
"Brain and central nervous system cancer","MONDO:0002714","legacy_first_part|lexical","search='Brain and central nervous system cancer' label='central nervous system cancer' ;; source_col=EFO 1 raw=MONDO:0002714"
"Brain and central nervous system cancer","MONDO:0004992","lexical","search='Brain and central nervous system cancer' label='cancer'"
"Brain and central nervous system cancer","MONDO:0005872","lexical","search='Brain and central nervous system cancer' label='nervous system cancer'"
"Breast cancer","EFO:0005606","lexical","search='Breast cancer' label='family history of breast cancer'"
"Breast cancer","EFO:0009443","lexical","search='Breast cancer' label='BRCAX breast cancer'"
"Breast cancer","EFO:0009782","lexical","search='Breast cancer' label='progesterone-receptor positive breast cancer'"
"Breast cancer","MONDO:0000616","lexical","search='Breast cancer' label='progesterone-receptor negative breast cancer'"
"Breast cancer","MONDO:0000618","lexical","search='Breast cancer' label='Her2-receptor negative breast cancer'"
"Breast cancer","MONDO:0004992","lexical","search='Breast cancer' label='cancer'"
"Breast cancer","MONDO:0006512","lexical","search='Breast cancer' label='estrogen-receptor positive breast cancer'"
"Breast cancer","MONDO:0006513","lexical","search='Breast cancer' label='estrogen-receptor negative breast cancer'"
"Breast cancer","MONDO:0007254","lexical","search='Breast cancer' label='breast cancer'"
"Breast cancer","OBA:2040827","lexical","search='Breast cancer' label='level of breast cancer metastasis-suppressor 1-like protein in blood serum'"
"Breast cancer","OBA:2050192","lexical","search='Breast cancer' label='breast cancer anti-estrogen resistance protein 3 amount'"
"Bulimia nervosa","MONDO:0005452","legacy_first_part|lexical","search='Bulimia nervosa' label='bulimia nervosa' ;; source_col=EFO 2 raw=MONDO:0005452"
"Burkitt lymphoma","MONDO:0005062","lexical","search='Burkitt lymphoma' label='lymphoma'"
"Burkitt lymphoma","MONDO:0007243","legacy_first_part|lexical","search='Burkitt lymphoma' label='Burkitt lymphoma' ;; source_col=EFO 3 raw=MONDO:0007243"
"COVID-19","EFO:0600019","lexical","search='COVID-19' label='COVID-19 symptoms measurement'"
"COVID-19","EFO:0600020","lexical","search='COVID-19' label='time to remission of COVID-19 symptoms'"
"COVID-19","EFO:0803362","lexical","search='COVID-19' label='response to COVID-19 vaccine'"
"COVID-19","MONDO:0100096","legacy_first_part|lexical","search='COVID-19' label='COVID-19' ;; source_col=EFO 1 raw=MONDO:0100096"
"COVID-19","MONDO:0100233","lexical","search='COVID-19' label='long COVID-19'"
"Cannabis use disorders","EFO:0007585","lexical","search='Cannabis use disorders' label='Cannabis use'"
"Cardiomyopathy and myocarditis","MONDO:0004496","legacy_first_part|lexical","search='Cardiomyopathy and myocarditis' label='myocarditis' ;; source_col=EFO 6 raw=MONDO:0004496"
"Cardiomyopathy and myocarditis","MONDO:0004994","legacy_first_part|lexical","search='Cardiomyopathy and myocarditis' label='cardiomyopathy' ;; source_col=EFO 4 raw=MONDO:0004994"
"Cardiomyopathy and myocarditis","MONDO:0005336","lexical","search='Cardiomyopathy and myocarditis' label='myopathy'"
"Caries of deciduous teeth","EFO:0600095","legacy_first_part","source_col=EFO 1 raw=EFO:0600095"
"Caries of permanent teeth","EFO:0600096","legacy_first_part","source_col=EFO 1 raw=EFO:0600096"
"Cataract","HP:0011141","lexical","search='Cataract' label='Age-related cataract'"
"Cataract","HP:0011142","lexical","search='Cataract' label='Age-related nuclear cataract'"
"Cataract","MONDO:0004847","lexical","search='Cataract' label='senile cataract'"
"Cataract","MONDO:0005129","legacy_first_part|lexical","search='Cataract' label='cataract' ;; source_col=EFO 4 raw=MONDO:0005129"
"Cataract","MONDO:0005408","lexical","search='Cataract' label='diabetes mellitus type 2 associated cataract'"
"Cataract","OBA:2001004","lexical","search='Cataract' label='age of onset of cataract'"
"Cellulitis","MONDO:0005230","legacy_first_part|lexical","search='Cellulitis' label='cellulitis' ;; source_col=EFO 5 raw=MONDO:0005230"
"Cervical cancer","MONDO:0002974","lexical","search='Cervical cancer' label='cervical cancer'"
"Cervical cancer","MONDO:0004992","lexical","search='Cervical cancer' label='cancer'"
"Chagas disease","MONDO:0000001","lexical","search='Chagas disease' label='disease'"
"Chlamydial infection","EFO:0000544","lexical","search='Chlamydial infection' label='infection'"
"Chronic hepatitis B including cirrhosis","EFO:0008496","lexical","search='Chronic hepatitis B including cirrhosis' label='chronic hepatitis'"
"Chronic hepatitis B including cirrhosis","HP:0012115","lexical","search='Chronic hepatitis B including cirrhosis' label='Hepatitis'"
"Chronic hepatitis B including cirrhosis","MONDO:0005366","legacy_first_part","source_col=EFO 1 raw=MONDO:0005366"
"Chronic hepatitis C including cirrhosis","EFO:0008496","lexical","search='Chronic hepatitis C including cirrhosis' label='chronic hepatitis'"
"Chronic hepatitis C including cirrhosis","HP:0012115","lexical","search='Chronic hepatitis C including cirrhosis' label='Hepatitis'"
"Chronic kidney disease","EFO:0009909","lexical","search='Chronic kidney disease' label='stage 5 chronic kidney disease'"
"Chronic kidney disease","MONDO:0000001","lexical","search='Chronic kidney disease' label='disease'"
"Chronic kidney disease","MONDO:0005300","legacy_first_part|lexical","search='Chronic kidney disease' label='chronic kidney disease' ;; source_col=EFO 2 raw=MONDO:0005300"
"Chronic kidney disease due to diabetes mellitus type 1","MONDO:0000001","lexical","search='Chronic kidney disease due to diabetes mellitus type 1' label='disease'"
"Chronic kidney disease due to diabetes mellitus type 1","MONDO:0005015","lexical","search='Chronic kidney disease due to diabetes mellitus type 1' label='diabetes mellitus'"
"Chronic kidney disease due to diabetes mellitus type 1","MONDO:0005300","lexical","search='Chronic kidney disease due to diabetes mellitus type 1' label='chronic kidney disease'"
"Chronic kidney disease due to diabetes mellitus type 2","MONDO:0000001","lexical","search='Chronic kidney disease due to diabetes mellitus type 2' label='disease'"
"Chronic kidney disease due to diabetes mellitus type 2","MONDO:0005015","lexical","search='Chronic kidney disease due to diabetes mellitus type 2' label='diabetes mellitus'"
"Chronic kidney disease due to diabetes mellitus type 2","MONDO:0005300","lexical","search='Chronic kidney disease due to diabetes mellitus type 2' label='chronic kidney disease'"
"Chronic kidney disease due to glomerulonephritis","MONDO:0000001","lexical","search='Chronic kidney disease due to glomerulonephritis' label='disease'"
"Chronic kidney disease due to glomerulonephritis","MONDO:0001166","lexical","search='Chronic kidney disease due to glomerulonephritis' label='nephritis'"
"Chronic kidney disease due to glomerulonephritis","MONDO:0002462","legacy_first_part|lexical","search='Chronic kidney disease due to glomerulonephritis' label='glomerulonephritis' ;; source_col=EFO 1 raw=MONDO:0002462"
"Chronic kidney disease due to glomerulonephritis","MONDO:0005300","lexical","search='Chronic kidney disease due to glomerulonephritis' label='chronic kidney disease'"
"Chronic kidney disease due to hypertension","MONDO:0000001","lexical","search='Chronic kidney disease due to hypertension' label='disease'"
"Chronic kidney disease due to hypertension","MONDO:0005300","lexical","search='Chronic kidney disease due to hypertension' label='chronic kidney disease'"
"Chronic kidney disease due to other and unspecified causes","MONDO:0000001","lexical","search='Chronic kidney disease due to other and unspecified causes' label='disease'"
"Chronic kidney disease due to other and unspecified causes","MONDO:0005300","legacy_second_part|lexical","search='Chronic kidney disease due to other and unspecified causes' label='chronic kidney disease' ;; source_col=MAPPED_TRAIT_URI...4 raw=MONDO:0005300"
"Chronic lymphoid leukemia","MONDO:0005059","lexical","search='Chronic lymphoid leukemia' label='leukemia'"
"Chronic lymphoid leukemia","MONDO:0005402","lexical","search='Chronic lymphoid leukemia' label='lymphoid leukemia'"
"Chronic myeloid leukemia","MONDO:0004643","lexical","search='Chronic myeloid leukemia' label='myeloid leukemia'"
"Chronic myeloid leukemia","MONDO:0005059","lexical","search='Chronic myeloid leukemia' label='leukemia'"
"Chronic myeloid leukemia","MONDO:0011996","lexical","search='Chronic myeloid leukemia' label='chronic myeloid leukemia'"
"Chronic obstructive pulmonary disease","MONDO:0000001","lexical","search='Chronic obstructive pulmonary disease' label='disease'"
"Chronic obstructive pulmonary disease","MONDO:0005002","legacy_first_part|lexical","search='Chronic obstructive pulmonary disease' label='chronic obstructive pulmonary disease' ;; source_col=EFO 2 raw=MONDO:0005002"
"Chronic obstructive pulmonary disease","OBA:2055786","lexical","search='Chronic obstructive pulmonary disease' label='age of onset of chronic obstructive pulmonary disease'"
"Cirrhosis and other chronic liver diseases","MONDO:0000001","lexical","search='Cirrhosis and other chronic liver diseases' label='disease'"
"Cirrhosis due to other causes","MONDO:0005155","legacy_second_part","source_col=MAPPED_TRAIT_URI...4 raw=MONDO:0005155"
"Coal workers pneumoconiosis","MONDO:0015926","lexical","search='Coal workers pneumoconiosis' label='pneumoconiosis'"
"Cocaine use disorders","EFO:0010445","legacy_second_part|lexical","search='Cocaine use disorders' label='cocaine use disorder' ;; source_col=MAPPED_TRAIT_URI...2 raw=EFO:0010445"
"Colon and rectum cancer","MONDO:0004992","lexical","search='Colon and rectum cancer' label='cancer'"
"Conduct disorder","MONDO:0005352","legacy_first_part|lexical","search='Conduct disorder' label='conduct disorder' ;; source_col=EFO 3 raw=MONDO:0005352"
"Congenital heart anomalies","MONDO:0005453","legacy_second_part","source_col=MAPPED_TRAIT_URI...3 raw=MONDO:0005453"
"Congenital musculoskeletal and limb anomalies","HP:0040064","legacy_second_part","source_col=MAPPED_TRAIT_URI...4 raw=HP:0040064"
"Contact dermatitis","MONDO:0002138","lexical","search='Contact dermatitis' label='allergic contact dermatitis of eyelid'"
"Contact dermatitis","MONDO:0002406","lexical","search='Contact dermatitis' label='dermatitis'"
"Contact dermatitis","MONDO:0004980","legacy_first_part","source_col=EFO 3 raw=MONDO:0004980"
"Contact dermatitis","MONDO:0005480","lexical","search='Contact dermatitis' label='contact dermatitis'"
"Contact dermatitis","MONDO:0005481","lexical","search='Contact dermatitis' label='contact dermatitis due to nickel'"
"Contact dermatitis","MONDO:0006525","lexical","search='Contact dermatitis' label='allergic contact dermatitis'"
"Crohn's disease","MONDO:0000001","lexical","search='Crohn's disease' label='disease'"
"Cutaneous and mucocutaneous leishmaniasis","MONDO:0005446","legacy_first_part|lexical","search='Cutaneous and mucocutaneous leishmaniasis' label='cutaneous leishmaniasis' ;; source_col=EFO 4 raw=MONDO:0005446"
"Decubitus ulcer","EFO:0007067","legacy_first_part|lexical","search='Decubitus ulcer' label='decubitus ulcer' ;; source_col=EFO 1 raw=EFO:0007067"
"Dengue","EFO:0803679","lexical","search='Dengue' label='dengue virus seropositivity'"
"Dengue","MONDO:0005358","lexical","search='Dengue' label='Dengue hemorrhagic fever'"
"Depressive disorders","MONDO:0002050","legacy_second_part|lexical","search='Depressive disorders' label='depressive disorder' ;; source_col=MAPPED_TRAIT_URI...2 raw=MONDO:0002050"
"Dermatitis","EFO:1000651","lexical","search='Dermatitis' label='recalcitrant atopic dermatitis'"
"Dermatitis","HP:0000964","lexical","search='Dermatitis' label='Eczematoid dermatitis'"
"Dermatitis","MONDO:0002138","lexical","search='Dermatitis' label='allergic contact dermatitis of eyelid'"
"Dermatitis","MONDO:0002406","legacy_first_part|lexical","search='Dermatitis' label='dermatitis' ;; source_col=EFO 4 raw=MONDO:0002406"
"Dermatitis","MONDO:0005480","lexical","search='Dermatitis' label='contact dermatitis'"
"Dermatitis","MONDO:0005481","lexical","search='Dermatitis' label='contact dermatitis due to nickel'"
"Dermatitis","MONDO:0006525","lexical","search='Dermatitis' label='allergic contact dermatitis'"
"Dermatitis","MONDO:0006555","lexical","search='Dermatitis' label='granulomatous dermatitis'"
"Dermatitis","MONDO:0006598","lexical","search='Dermatitis' label='phototoxic dermatitis'"
"Dermatitis","MONDO:0006608","lexical","search='Dermatitis' label='seborrheic dermatitis'"
"Dermatitis","MONDO:0015614","lexical","search='Dermatitis' label='dermatitis herpetiformis'"
"Diabetes mellitus","EFO:0006842","lexical","search='Diabetes mellitus' label='diabetes mellitus biomarker'"
"Diabetes mellitus","MONDO:0005015","legacy_first_part|lexical","search='Diabetes mellitus' label='diabetes mellitus' ;; source_col=EFO 2 raw=MONDO:0005015"
"Diabetes mellitus","MONDO:0005147","lexical","search='Diabetes mellitus' label='type 1 diabetes mellitus'"
"Diabetes mellitus","MONDO:0005148","lexical","search='Diabetes mellitus' label='type 2 diabetes mellitus'"
"Diabetes mellitus","MONDO:0005408","lexical","search='Diabetes mellitus' label='diabetes mellitus type 2 associated cataract'"
"Diabetes mellitus","OBA:2001012","lexical","search='Diabetes mellitus' label='age of onset of type 1 diabetes mellitus'"
"Diabetes mellitus","OBA:2001013","lexical","search='Diabetes mellitus' label='age of onset of type 2 diabetes mellitus'"
"Diabetes mellitus type 1","MONDO:0005015","lexical","search='Diabetes mellitus type 1' label='diabetes mellitus'"
"Diabetes mellitus type 2","MONDO:0005015","lexical","search='Diabetes mellitus type 2' label='diabetes mellitus'"
"Diabetes mellitus type 2","MONDO:0005408","lexical","search='Diabetes mellitus type 2' label='diabetes mellitus type 2 associated cataract'"
"Diarrheal diseases","HP:0002014","lexical","search='Diarrheal diseases' label='Diarrhea'"
"Diarrheal diseases","MONDO:0000001","lexical","search='Diarrheal diseases' label='disease'"
"Diphtheria","MONDO:0005504","legacy_first_part|lexical","search='Diphtheria' label='diphtheria' ;; source_col=EFO 5 raw=MONDO:0005504"
"Down syndrome","EFO:0022028","lexical","search='Down syndrome' label='down syndrome cell adhesion molecule measurement'"
"Drug-susceptible tuberculosis","EFO:0007918","legacy_first_part","source_col=EFO 2 raw=EFO:0007918"
"Drug-susceptible tuberculosis","EFO:0803635","legacy_first_part","source_col=EFO 5 raw=EFO:0803635"
"Drug-susceptible tuberculosis","MONDO:0000368","legacy_first_part","source_col=EFO 4 raw=MONDO:0000368"
"Drug-susceptible tuberculosis","MONDO:0006052","legacy_first_part","source_col=EFO 3 raw=MONDO:0006052"
"Drug-susceptible tuberculosis","MONDO:0018076","legacy_first_part|lexical","search='Drug-susceptible tuberculosis' label='tuberculosis' ;; source_col=EFO 1 raw=MONDO:0018076"
"Dysthymia","MONDO:0001442","legacy_first_part","source_col=EFO 3 raw=MONDO:0001442"
"Eating disorders","MONDO:0005451","legacy_second_part|lexical","search='Eating disorders' label='eating disorder' ;; source_col=MAPPED_TRAIT_URI...3 raw=MONDO:0005451"
"Ectopic pregnancy","EFO:0002950","lexical","search='Ectopic pregnancy' label='pregnancy'"
"Ectopic pregnancy","HP:0031456","legacy_first_part|lexical","search='Ectopic pregnancy' label='Ectopic pregnancy' ;; source_col=EFO 1 raw=HP:0031456"
"Encephalitis","MONDO:0006009","lexical","search='Encephalitis' label='viral encephalitis'"
"Encephalitis","MONDO:0019956","legacy_first_part|lexical","search='Encephalitis' label='encephalitis' ;; source_col=EFO 4 raw=MONDO:0019956"
"Encephalitis","MONDO:0021081","lexical","search='Encephalitis' label='anti-NMDA receptor encephalitis'"
"Endocarditis","MONDO:0005025","legacy_first_part|lexical","search='Endocarditis' label='endocarditis' ;; source_col=EFO 2 raw=MONDO:0005025"
"Endocarditis","MONDO:0006669","lexical","search='Endocarditis' label='bacterial endocarditis'"
"Endocrine, metabolic, blood, and immune disorders","MONDO:0005046","legacy_second_part","source_col=MAPPED_TRAIT_URI...10 raw=MONDO:0005046"
"Endocrine, metabolic, blood, and immune disorders","MONDO:0005151","legacy_second_part","source_col=MAPPED_TRAIT_URI...3 raw=MONDO:0005151"
"Endocrine, metabolic, blood, and immune disorders","MONDO:0005570","legacy_second_part","source_col=MAPPED_TRAIT_URI...9 raw=MONDO:0005570"
"Endometriosis","MONDO:0001285","lexical","search='Endometriosis' label='endometriosis of pelvic peritoneum'"
"Endometriosis","MONDO:0005133","legacy_first_part|lexical","search='Endometriosis' label='endometriosis' ;; source_col=EFO 2 raw=MONDO:0005133"
"Endometriosis","MONDO:0006337","lexical","search='Endometriosis' label='ovarian endometriosis'"
"Esophageal cancer","MONDO:0004992","lexical","search='Esophageal cancer' label='cancer'"
"Esophageal cancer","MONDO:0007576","lexical","search='Esophageal cancer' label='esophageal cancer'"
"Extensively drug-resistant tuberculosis","MONDO:0018076","lexical","search='Extensively drug-resistant tuberculosis' label='tuberculosis'"
"Eye cancer","MONDO:0002236","legacy_first_part","source_col=EFO 1 raw=MONDO:0002236"
"Eye cancer","MONDO:0004992","lexical","search='Eye cancer' label='cancer'"
"Female infertility","MONDO:0005372","lexical","search='Female infertility' label='male infertility'"
"Female infertility","MONDO:0021124","lexical","search='Female infertility' label='female infertility'"
"Fungal skin diseases","MONDO:0000001","lexical","search='Fungal skin diseases' label='disease'"
"Fungal skin diseases","MONDO:0004678","legacy_second_part","source_col=MAPPED_TRAIT_URI...2 raw=MONDO:0004678"
"Gallbladder and biliary diseases","MONDO:0000001","lexical","search='Gallbladder and biliary diseases' label='disease'"
"Gallbladder and biliary tract cancer","MONDO:0003060","lexical","search='Gallbladder and biliary tract cancer' label='biliary tract cancer'"
"Gallbladder and biliary tract cancer","MONDO:0004992","lexical","search='Gallbladder and biliary tract cancer' label='cancer'"
"Gastritis and duodenitis","MONDO:0004627","lexical","search='Gastritis and duodenitis' label='duodenitis'"
"Gastritis and duodenitis","MONDO:0004966","legacy_first_part|lexical","search='Gastritis and duodenitis' label='gastritis' ;; source_col=EFO 2 raw=MONDO:0004966"
"Gastroesophageal reflux disease","MONDO:0000001","lexical","search='Gastroesophageal reflux disease' label='disease'"
"Gastroesophageal reflux disease","MONDO:0007186","legacy_first_part|lexical","search='Gastroesophageal reflux disease' label='gastroesophageal reflux disease' ;; source_col=EFO 2 raw=MONDO:0007186"
"Genital herpes","MONDO:0005770","legacy_first_part|lexical","search='Genital herpes' label='genital herpes' ;; source_col=EFO 2 raw=MONDO:0005770"
"Glaucoma","EFO:0009944","lexical","search='Glaucoma' label='Antiglaucoma preparations and miotics use measurement'"
"Glaucoma","EFO:0021425","lexical","search='Glaucoma' label='pigmentary glaucoma'"
"Glaucoma","HP:0001259","lexical","search='Glaucoma' label='Coma'"
"Glaucoma","MONDO:0001868","lexical","search='Glaucoma' label='primary angle-closure glaucoma'"
"Glaucoma","MONDO:0005041","legacy_first_part|lexical","search='Glaucoma' label='glaucoma' ;; source_col=EFO 1 raw=MONDO:0005041"
"Glaucoma","MONDO:0005338","lexical","search='Glaucoma' label='open-angle glaucoma'"
"Glaucoma","MONDO:0006837","lexical","search='Glaucoma' label='low tension glaucoma'"
"Gonococcal infection","EFO:0000544","lexical","search='Gonococcal infection' label='infection'"
"Gout","EFO:0008016","lexical","search='Gout' label='Agouti-related protein measurement'"
"Gout","EFO:0021525","lexical","search='Gout' label='renal overload-type gout'"
"Gout","EFO:0801357","lexical","search='Gout' label='Agouti-signaling protein measurement'"
"Gout","MONDO:0005393","legacy_first_part|lexical","search='Gout' label='gout' ;; source_col=EFO 2 raw=MONDO:0005393"
"Gout","OBA:2040700","lexical","search='Gout' label='level of agouti-signaling protein in blood serum'"
"Gout","OBA:2052164","lexical","search='Gout' label='amount of agouti-related protein (human) in blood'"
"Guinea worm disease","MONDO:0000001","lexical","search='Guinea worm disease' label='disease'"
"Gynecological diseases","MONDO:0000001","lexical","search='Gynecological diseases' label='disease'"
"Gynecological diseases","MONDO:0002263","legacy_second_part","source_col=MAPPED_TRAIT_URI...2 raw=MONDO:0002263"
"HIV/AIDS","MONDO:0012268","lexical","search='HIV/AIDS' label='AIDS'"
"HIV/AIDS - Drug-susceptible Tuberculosis","MONDO:0012268","lexical","search='HIV/AIDS - Drug-susceptible Tuberculosis' label='AIDS'"
"HIV/AIDS - Drug-susceptible Tuberculosis","MONDO:0018076","lexical","search='HIV/AIDS - Drug-susceptible Tuberculosis' label='tuberculosis'"
"HIV/AIDS - Extensively drug-resistant Tuberculosis","MONDO:0012268","lexical","search='HIV/AIDS - Extensively drug-resistant Tuberculosis' label='AIDS'"
"HIV/AIDS - Extensively drug-resistant Tuberculosis","MONDO:0018076","lexical","search='HIV/AIDS - Extensively drug-resistant Tuberculosis' label='tuberculosis'"
"HIV/AIDS - Multidrug-resistant Tuberculosis without extensive drug resistance","EFO:0020001","lexical","search='HIV/AIDS - Multidrug-resistant Tuberculosis without extensive drug resistance' label='drug resistance'"
"HIV/AIDS - Multidrug-resistant Tuberculosis without extensive drug resistance","MONDO:0012268","lexical","search='HIV/AIDS - Multidrug-resistant Tuberculosis without extensive drug resistance' label='AIDS'"
"HIV/AIDS - Multidrug-resistant Tuberculosis without extensive drug resistance","MONDO:0018076","lexical","search='HIV/AIDS - Multidrug-resistant Tuberculosis without extensive drug resistance' label='tuberculosis'"
"HIV/AIDS resulting in other diseases","MONDO:0000001","lexical","search='HIV/AIDS resulting in other diseases' label='disease'"
"HIV/AIDS resulting in other diseases","MONDO:0012268","lexical","search='HIV/AIDS resulting in other diseases' label='AIDS'"
"Headache disorders","HP:0002315","lexical","search='Headache disorders' label='Headache'"
"Headache disorders","MONDO:0021146","legacy_second_part|lexical","search='Headache disorders' label='headache disorder' ;; source_col=MAPPED_TRAIT_URI...2 raw=MONDO:0021146"
"Hemoglobinopathies and hemolytic anemias","MONDO:0002280","lexical","search='Hemoglobinopathies and hemolytic anemias' label='anemia'"
"Hemolytic disease and other neonatal jaundice","EFO:1000739","legacy_second_part|lexical","search='Hemolytic disease and other neonatal jaundice' label='neonatal jaundice' ;; source_col=MAPPED_TRAIT_URI...4 raw=EFO:1000739"
"Hemolytic disease and other neonatal jaundice","HP:0000952","lexical","search='Hemolytic disease and other neonatal jaundice' label='Jaundice'"
"Hemolytic disease and other neonatal jaundice","MONDO:0000001","lexical","search='Hemolytic disease and other neonatal jaundice' label='disease'"
"Hodgkin lymphoma","MONDO:0004665","lexical","search='Hodgkin lymphoma' label='nodular sclerosis classical Hodgkin lymphoma'"
"Hodgkin lymphoma","MONDO:0004952","legacy_first_part","source_col=EFO 2 raw=MONDO:0004952"
"Hodgkin lymphoma","MONDO:0005062","lexical","search='Hodgkin lymphoma' label='lymphoma'"
"Hodgkin lymphoma","MONDO:0018908","lexical","search='Hodgkin lymphoma' label='non-Hodgkin lymphoma'"
"Hodgkin lymphoma","MONDO:0044887","lexical","search='Hodgkin lymphoma' label='central nervous system non-hodgkin lymphoma'"
"Hookworm disease","MONDO:0000001","lexical","search='Hookworm disease' label='disease'"
"Hypertensive heart disease","MONDO:0000001","lexical","search='Hypertensive heart disease' label='disease'"
"Hypertensive heart disease","MONDO:0001302","lexical","search='Hypertensive heart disease' label='hypertensive heart disease'"
"Idiopathic developmental intellectual disability","HP:0001249","lexical","search='Idiopathic developmental intellectual disability' label='Intellectual disability'"
"Idiopathic epilepsy","MONDO:0005027","lexical","search='Idiopathic epilepsy' label='epilepsy'"
"Inflammatory bowel disease","MONDO:0000001","lexical","search='Inflammatory bowel disease' label='disease'"
"Inflammatory bowel disease","MONDO:0005265","lexical","search='Inflammatory bowel disease' label='inflammatory bowel disease'"
"Inguinal, femoral, and abdominal hernia","HP:0100790","lexical","search='Inguinal, femoral, and abdominal hernia' label='Hernia'"
"Interstitial lung disease and pulmonary sarcoidosis","MONDO:0000001","lexical","search='Interstitial lung disease and pulmonary sarcoidosis' label='disease'"
"Interstitial lung disease and pulmonary sarcoidosis","MONDO:0015925","legacy_first_part|lexical","search='Interstitial lung disease and pulmonary sarcoidosis' label='interstitial lung disease' ;; source_col=EFO 3 raw=MONDO:0015925"
"Interstitial lung disease and pulmonary sarcoidosis","MONDO:0019338","lexical","search='Interstitial lung disease and pulmonary sarcoidosis' label='sarcoidosis'"
"Intestinal nematode infections","EFO:0000544","lexical","search='Intestinal nematode infections' label='infection'"
"Intracerebral hemorrhage","EFO:0010177","lexical","search='Intracerebral hemorrhage' label='lobar intracerebral hemorrhage'"
"Intracerebral hemorrhage","EFO:0010178","lexical","search='Intracerebral hemorrhage' label='non-lobar intracerebral hemorrhage'"
"Intracerebral hemorrhage","MONDO:0013792","legacy_first_part|lexical","search='Intracerebral hemorrhage' label='intracerebral hemorrhage' ;; source_col=EFO 2 raw=MONDO:0013792"
"Intracerebral hemorrhage","MP:0001914","lexical","search='Intracerebral hemorrhage' label='hemorrhage'"
"Iodine deficiency","EFO:0008614","lexical","search='Iodine deficiency' label='Iodine Deficiency Hypothyroidism'"
"Ischemic heart disease","MONDO:0000001","lexical","search='Ischemic heart disease' label='disease'"
"Ischemic stroke","HP:0002140","lexical","search='Ischemic stroke' label='Ischemic stroke'"
"Kidney cancer","MONDO:0002367","legacy_first_part|lexical","search='Kidney cancer' label='kidney cancer' ;; source_col=EFO 1 raw=MONDO:0002367"
"Kidney cancer","MONDO:0004992","lexical","search='Kidney cancer' label='cancer'"
"Larynx cancer","MONDO:0002352","lexical","search='Larynx cancer' label='larynx cancer'"
"Larynx cancer","MONDO:0004992","lexical","search='Larynx cancer' label='cancer'"
"Latent tuberculosis infection","EFO:0000544","lexical","search='Latent tuberculosis infection' label='infection'"
"Latent tuberculosis infection","MONDO:0018076","lexical","search='Latent tuberculosis infection' label='tuberculosis'"
"Leishmaniasis","MONDO:0005445","lexical","search='Leishmaniasis' label='visceral leishmaniasis'"
"Leishmaniasis","MONDO:0005446","lexical","search='Leishmaniasis' label='cutaneous leishmaniasis'"
"Leprosy","MONDO:0005124","legacy_first_part|lexical","search='Leprosy' label='leprosy' ;; source_col=EFO 5 raw=MONDO:0005124"
"Leukemia","EFO:0010788","lexical","search='Leukemia' label='leukemia inhibitory factor receptor measurement'"
"Leukemia","EFO:0021910","lexical","search='Leukemia' label='induced myeloid leukemia cell differentiation protein Mcl-1 measurement'"
"Leukemia","EFO:0801403","lexical","search='Leukemia' label='B-cell lymphoma/leukemia 10 measurement'"
"Leukemia","EFO:0801764","lexical","search='Leukemia' label='leukemia inhibitory factor measurement'"
"Leukemia","EFO:0802546","lexical","search='Leukemia' label='feline leukemia virus subgroup C receptor-related protein 1 measurement'"
"Leukemia","MONDO:0000870","lexical","search='Leukemia' label='childhood acute lymphoblastic leukemia'"
"Leukemia","MONDO:0000871","lexical","search='Leukemia' label='T-cell childhood acute lymphocytic leukemia'"
"Leukemia","MONDO:0004600","lexical","search='Leukemia' label='monocytic leukemia'"
"Leukemia","MONDO:0004643","lexical","search='Leukemia' label='myeloid leukemia'"
"Leukemia","MONDO:0004947","lexical","search='Leukemia' label='B-cell acute lymphoblastic leukemia'"
"Leukemia","MONDO:0004948","lexical","search='Leukemia' label='B-cell chronic lymphocytic leukemia'"
"Leukemia","MONDO:0004967","lexical","search='Leukemia' label='acute lymphoblastic leukemia'"
"Leukemia","MONDO:0005059","legacy_first_part|lexical","search='Leukemia' label='leukemia' ;; source_col=EFO 2 raw=MONDO:0005059"
"Leukemia","MONDO:0005402","lexical","search='Leukemia' label='lymphoid leukemia'"
"Leukemia","MONDO:0011996","lexical","search='Leukemia' label='chronic myeloid leukemia'"
"Leukemia","MONDO:0018874","lexical","search='Leukemia' label='acute myeloid leukemia'"
"Leukemia","MONDO:0600030","lexical","search='Leukemia' label='B-cell acute lymphoblastic leukemia with t(1;19)(q23;p13.3); E2A-PBX1 (TCF3-PBX1)'"
"Leukemia","OBA:2040787","lexical","search='Leukemia' label='level of B-cell lymphoma/leukemia 10 in blood serum'"
"Leukemia","OBA:2040788","lexical","search='Leukemia' label='level of B-cell lymphoma/leukemia 11A in blood serum'"
"Leukemia","OBA:2041593","lexical","search='Leukemia' label='level of Friend leukemia integration 1 transcription factor in blood serum'"
"Leukemia","OBA:2041883","lexical","search='Leukemia' label='level of hepatic leukemia factor in blood serum'"
"Leukemia","OBA:2042193","lexical","search='Leukemia' label='level of leukemia inhibitory factor in blood serum'"
"Leukemia","OBA:2042377","lexical","search='Leukemia' label='level of myeloid leukemia factor 1 in blood serum'"
"Leukemia","OBA:2043813","lexical","search='Leukemia' label='level of T-cell leukemia/lymphoma protein 1A in blood serum'"
"Leukemia","OBA:2043814","lexical","search='Leukemia' label='level of T-cell leukemia/lymphoma protein 1B in blood serum'"
"Leukemia","OBA:2050638","lexical","search='Leukemia' label='level of Friend leukemia integration 1 transcription factor in blood'"
"Leukemia","OBA:2050948","lexical","search='Leukemia' label='level of T-cell leukemia/lymphoma protein 1A in blood'"
"Leukemia","OBA:2050949","lexical","search='Leukemia' label='level of T-cell leukemia/lymphoma protein 1B in blood'"
"Leukemia","OBA:2051605","lexical","search='Leukemia' label='level of pre-B-cell leukemia transcription factor-interacting protein 1 in blood'"
"Lip and oral cavity cancer","MONDO:0004992","lexical","search='Lip and oral cavity cancer' label='cancer'"
"Lip and oral cavity cancer","MONDO:0005515","lexical","search='Lip and oral cavity cancer' label='oral cavity cancer'"
"Liver cancer","MONDO:0002691","legacy_first_part|lexical","search='Liver cancer' label='liver cancer' ;; source_col=EFO 1 raw=MONDO:0002691"
"Liver cancer","MONDO:0004992","lexical","search='Liver cancer' label='cancer'"
"Liver cancer due to NASH","MONDO:0002691","lexical","search='Liver cancer due to NASH' label='liver cancer'"
"Liver cancer due to NASH","MONDO:0004992","lexical","search='Liver cancer due to NASH' label='cancer'"
"Liver cancer due to alcohol use","MONDO:0002691","lexical","search='Liver cancer due to alcohol use' label='liver cancer'"
"Liver cancer due to alcohol use","MONDO:0004992","lexical","search='Liver cancer due to alcohol use' label='cancer'"
"Liver cancer due to hepatitis B","HP:0012115","lexical","search='Liver cancer due to hepatitis B' label='Hepatitis'"
"Liver cancer due to hepatitis B","MONDO:0002691","lexical","search='Liver cancer due to hepatitis B' label='liver cancer'"
"Liver cancer due to hepatitis B","MONDO:0004992","lexical","search='Liver cancer due to hepatitis B' label='cancer'"
"Liver cancer due to hepatitis C","HP:0012115","lexical","search='Liver cancer due to hepatitis C' label='Hepatitis'"
"Liver cancer due to hepatitis C","MONDO:0002691","lexical","search='Liver cancer due to hepatitis C' label='liver cancer'"
"Liver cancer due to hepatitis C","MONDO:0004992","lexical","search='Liver cancer due to hepatitis C' label='cancer'"
"Liver cancer due to other causes","MONDO:0002691","lexical","search='Liver cancer due to other causes' label='liver cancer'"
"Liver cancer due to other causes","MONDO:0004992","lexical","search='Liver cancer due to other causes' label='cancer'"
"Low back pain","HP:0003418","lexical","search='Low back pain' label='Back pain'"
"Low back pain","HP:0003419","legacy_first_part|lexical","search='Low back pain' label='Low back pain' ;; source_col=EFO 2 raw=HP:0003419"
"Low back pain","HP:0012531","lexical","search='Low back pain' label='Pain'"
"Lower extremity peripheral arterial disease","MONDO:0000001","lexical","search='Lower extremity peripheral arterial disease' label='disease'"
"Lower extremity peripheral arterial disease","MONDO:0005386","legacy_first_part|lexical","search='Lower extremity peripheral arterial disease' label='peripheral arterial disease' ;; source_col=EFO 2 raw=MONDO:0005386"
"Lower respiratory infections","EFO:0000544","lexical","search='Lower respiratory infections' label='infection'"
"Major depressive disorder","MONDO:0002009","legacy_first_part|lexical","search='Major depressive disorder' label='major depressive disorder' ;; source_col=EFO 2 raw=MONDO:0002009"
"Major depressive disorder","MONDO:0002050","lexical","search='Major depressive disorder' label='depressive disorder'"
"Malaria","EFO:0010970","lexical","search='Malaria' label='severe malarial anemia'"
"Malaria","MONDO:0005136","lexical","search='Malaria' label='malaria'"
"Male infertility","MONDO:0005372","legacy_first_part|lexical","search='Male infertility' label='male infertility' ;; source_col=EFO 3 raw=MONDO:0005372"
"Male infertility","MONDO:0021124","lexical","search='Male infertility' label='female infertility'"
"Malignant neoplasm of bone and articular cartilage","MONDO:0005070","lexical","search='Malignant neoplasm of bone and articular cartilage' label='neoplasm'"
"Malignant skin melanoma","MONDO:0005105","lexical","search='Malignant skin melanoma' label='melanoma'"
"Maternal abortion and miscarriage","EFO:1001491","lexical","search='Maternal abortion and miscarriage' label='abortion'"
"Maternal abortion and miscarriage","HP:0005268","lexical","search='Maternal abortion and miscarriage' label='Miscarriage'"
"Maternal deaths aggravated by HIV/AIDS","MONDO:0012268","lexical","search='Maternal deaths aggravated by HIV/AIDS' label='AIDS'"
"Maternal hemorrhage","MP:0001914","lexical","search='Maternal hemorrhage' label='hemorrhage'"
"Maternal hypertensive disorders","HP:0008071","legacy_second_part","source_col=MAPPED_TRAIT_URI...3 raw=HP:0008071"
"Maternal hypertensive disorders","MONDO:0005044","lexical","search='Maternal hypertensive disorders' label='hypertensive disorder'"
"Maternal sepsis and other maternal infections","EFO:0000544","lexical","search='Maternal sepsis and other maternal infections' label='infection'"
"Maternal sepsis and other maternal infections","HP:0100806","lexical","search='Maternal sepsis and other maternal infections' label='Sepsis'"
"Measles","EFO:0008414","lexical","search='Measles' label='susceptibility to measles measurement'"
"Measles","EFO:0009342","lexical","search='Measles' label='Measles virus seropositivity'"
"Measles","EFO:0009355","lexical","search='Measles' label='Anti-measles virus IgG measurement'"
"Measles","MONDO:0004619","legacy_first_part|lexical","search='Measles' label='measles' ;; source_col=EFO 2 raw=MONDO:0004619"
"Meningitis","EFO:0008411","lexical","search='Meningitis' label='susceptibility to bacterial meningitis measurement'"
"Meningitis","MONDO:0004796","lexical","search='Meningitis' label='infectious meningitis'"
"Meningitis","MONDO:0006670","lexical","search='Meningitis' label='bacterial meningitis'"
"Meningitis","MONDO:0006913","lexical","search='Meningitis' label='pneumococcal meningitis'"
"Meningitis","MONDO:0007015","lexical","search='Meningitis' label='viral meningitis'"
"Meningitis","MONDO:0021108","legacy_first_part|lexical","search='Meningitis' label='meningitis' ;; source_col=EFO 1 raw=MONDO:0021108"
"Mesothelioma","MONDO:0003308","lexical","search='Mesothelioma' label='pleural mesothelioma'"
"Mesothelioma","MONDO:0005065","legacy_first_part|lexical","search='Mesothelioma' label='mesothelioma' ;; source_col=EFO 2 raw=MONDO:0005065"
"Mesothelioma","MONDO:0005112","lexical","search='Mesothelioma' label='malignant pleural mesothelioma'"
"Migraine","EFO:0009939","lexical","search='Migraine' label='Antimigraine preparation use measurement'"
"Migraine","MONDO:0005277","legacy_first_part|lexical","search='Migraine' label='migraine disorder' ;; source_col=EFO 3 raw=MONDO:0005277"
"Migraine","MONDO:0005475","lexical","search='Migraine' label='migraine with aura'"
"Migraine","MONDO:0011847","lexical","search='Migraine' label='migraine without aura, susceptibility to, 4'"
"Migraine","MONDO:0100431","lexical","search='Migraine' label='migraine without aura'"
"Migraine","OBA:2001026","lexical","search='Migraine' label='age of onset of migraine disorder'"
"Migraine","OBA:2001027","lexical","search='Migraine' label='age of onset of migraine with aura'"
"Migraine","OBA:2001028","lexical","search='Migraine' label='age of onset of migraine without aura'"
"Motor neuron disease","MONDO:0000001","lexical","search='Motor neuron disease' label='disease'"
"Motor neuron disease","MONDO:0020128","legacy_first_part","source_col=EFO 2 raw=MONDO:0020128"
"Multidrug-resistant tuberculosis without extensive drug resistance","EFO:0020001","lexical","search='Multidrug-resistant tuberculosis without extensive drug resistance' label='drug resistance'"
"Multidrug-resistant tuberculosis without extensive drug resistance","MONDO:0018076","lexical","search='Multidrug-resistant tuberculosis without extensive drug resistance' label='tuberculosis'"
"Multiple sclerosis","EFO:0803536","lexical","search='Multiple sclerosis' label='multiple sclerosis symptom measurement'"
"Multiple sclerosis","MONDO:0005301","legacy_first_part|lexical","search='Multiple sclerosis' label='multiple sclerosis' ;; source_col=EFO 1 raw=MONDO:0005301"
"Multiple sclerosis","OBA:2001029","lexical","search='Multiple sclerosis' label='age of onset of multiple sclerosis'"
"Myelodysplastic, myeloproliferative, and other hematopoietic neoplasms","MONDO:0005070","lexical","search='Myelodysplastic, myeloproliferative, and other hematopoietic neoplasms' label='neoplasm'"
"Myocarditis","MONDO:0004496","legacy_first_part|lexical","search='Myocarditis' label='myocarditis' ;; source_col=EFO 2 raw=MONDO:0004496"
"Nasopharynx cancer","MONDO:0004992","lexical","search='Nasopharynx cancer' label='cancer'"
"Nasopharynx cancer","MONDO:0005517","lexical","search='Nasopharynx cancer' label='pharynx cancer'"
"Neck pain","HP:0012531","lexical","search='Neck pain' label='Pain'"
"Neck pain","HP:0030833","legacy_first_part|lexical","search='Neck pain' label='Neck pain' ;; source_col=EFO 1 raw=HP:0030833"
"Neonatal encephalopathy due to birth asphyxia and trauma","EFO:0009446","lexical","search='Neonatal encephalopathy due to birth asphyxia and trauma' label='asphyxia'"
"Neonatal encephalopathy due to birth asphyxia and trauma","HP:0001298","lexical","search='Neonatal encephalopathy due to birth asphyxia and trauma' label='Encephalopathy'"
"Neonatal sepsis and other neonatal infections","EFO:0000544","lexical","search='Neonatal sepsis and other neonatal infections' label='infection'"
"Neonatal sepsis and other neonatal infections","HP:0040187","legacy_second_part|lexical","search='Neonatal sepsis and other neonatal infections' label='Neonatal sepsis' ;; source_col=MAPPED_TRAIT_URI...2 raw=HP:0040187"
"Neonatal sepsis and other neonatal infections","HP:0100806","lexical","search='Neonatal sepsis and other neonatal infections' label='Sepsis'"
"Neural tube defects","MONDO:0020705","lexical","search='Neural tube defects' label='neural tube defects, susceptibility to'"
"Neuroblastoma and other peripheral nervous cell tumors","MONDO:0005072","lexical","search='Neuroblastoma and other peripheral nervous cell tumors' label='neuroblastoma'"
"Non-Hodgkin lymphoma","MONDO:0005062","lexical","search='Non-Hodgkin lymphoma' label='lymphoma'"
"Non-Hodgkin lymphoma","MONDO:0018908","legacy_first_part|lexical","search='Non-Hodgkin lymphoma' label='non-Hodgkin lymphoma' ;; source_col=EFO 2 raw=MONDO:0018908"
"Non-Hodgkin lymphoma","MONDO:0044887","lexical","search='Non-Hodgkin lymphoma' label='central nervous system non-hodgkin lymphoma'"
"Non-melanoma skin cancer","MONDO:0002898","lexical","search='Non-melanoma skin cancer' label='skin cancer'"
"Non-melanoma skin cancer","MONDO:0004992","lexical","search='Non-melanoma skin cancer' label='cancer'"
"Non-melanoma skin cancer","MONDO:0005105","lexical","search='Non-melanoma skin cancer' label='melanoma'"
"Non-melanoma skin cancer (basal-cell carcinoma)","MONDO:0002898","lexical","search='Non-melanoma skin cancer (basal-cell carcinoma)' label='skin cancer'"
"Non-melanoma skin cancer (basal-cell carcinoma)","MONDO:0004992","lexical","search='Non-melanoma skin cancer (basal-cell carcinoma)' label='cancer'"
"Non-melanoma skin cancer (basal-cell carcinoma)","MONDO:0004993","lexical","search='Non-melanoma skin cancer (basal-cell carcinoma)' label='carcinoma'"
"Non-melanoma skin cancer (basal-cell carcinoma)","MONDO:0005105","lexical","search='Non-melanoma skin cancer (basal-cell carcinoma)' label='melanoma'"
"Non-melanoma skin cancer (basal-cell carcinoma)","MONDO:0020804","legacy_first_part","source_col=EFO 2 raw=MONDO:0020804"
"Non-melanoma skin cancer (squamous-cell carcinoma)","MONDO:0002898","lexical","search='Non-melanoma skin cancer (squamous-cell carcinoma)' label='skin cancer'"
"Non-melanoma skin cancer (squamous-cell carcinoma)","MONDO:0004992","lexical","search='Non-melanoma skin cancer (squamous-cell carcinoma)' label='cancer'"
"Non-melanoma skin cancer (squamous-cell carcinoma)","MONDO:0004993","lexical","search='Non-melanoma skin cancer (squamous-cell carcinoma)' label='carcinoma'"
"Non-melanoma skin cancer (squamous-cell carcinoma)","MONDO:0005096","legacy_first_part","source_col=EFO 2 raw=MONDO:0005096"
"Non-melanoma skin cancer (squamous-cell carcinoma)","MONDO:0005105","lexical","search='Non-melanoma skin cancer (squamous-cell carcinoma)' label='melanoma'"
"Non-rheumatic calcific aortic valve disease","MONDO:0000001","lexical","search='Non-rheumatic calcific aortic valve disease' label='disease'"
"Non-rheumatic degenerative mitral valve disease","MONDO:0000001","lexical","search='Non-rheumatic degenerative mitral valve disease' label='disease'"
"Non-rheumatic valvular heart disease","MONDO:0000001","lexical","search='Non-rheumatic valvular heart disease' label='disease'"
"Nonalcoholic fatty liver disease including cirrhosis","MONDO:0000001","lexical","search='Nonalcoholic fatty liver disease including cirrhosis' label='disease'"
"Nonalcoholic fatty liver disease including cirrhosis","MONDO:0004790","lexical","search='Nonalcoholic fatty liver disease including cirrhosis' label='fatty liver disease'"
"Opioid use disorders","EFO:0010702","legacy_second_part|lexical","search='Opioid use disorders' label='opioid use disorder' ;; source_col=MAPPED_TRAIT_URI...2 raw=EFO:0010702"
"Orofacial clefts","HP:0000202","legacy_second_part|lexical","search='Orofacial clefts' label='Orofacial cleft' ;; source_col=MAPPED_TRAIT_URI...2 raw=HP:0000202"
"Orofacial clefts","MONDO:0000358","legacy_second_part|lexical","search='Orofacial clefts' label='orofacial cleft' ;; source_col=MAPPED_TRAIT_URI...4 raw=MONDO:0000358"
"Osteoarthritis","EFO:0005890","lexical","search='Osteoarthritis' label='osteoarthritis biomarker measurement'"
"Osteoarthritis","EFO:0007942","lexical","search='Osteoarthritis' label='hip osteoarthritis symptom severity measurement'"
"Osteoarthritis","MONDO:0005178","legacy_first_part|lexical","search='Osteoarthritis' label='osteoarthritis' ;; source_col=EFO 1 raw=MONDO:0005178"
"Osteoarthritis","MONDO:0005416","lexical","search='Osteoarthritis' label='osteoarthritis, knee'"
"Osteoarthritis","MONDO:0006629","lexical","search='Osteoarthritis' label='osteoarthritis, hip'"
"Osteoarthritis","MONDO:0006630","lexical","search='Osteoarthritis' label='osteoarthritis, spine'"
"Osteoarthritis","MONDO:0006632","lexical","search='Osteoarthritis' label='osteoarthritis, hand'"
"Osteoarthritis","OBA:2001008","lexical","search='Osteoarthritis' label='age of onset of osteoarthritis'"
"Osteoarthritis hand","MONDO:0005178","lexical","search='Osteoarthritis hand' label='osteoarthritis'"
"Osteoarthritis hand","MONDO:0006632","legacy_first_part|lexical","search='Osteoarthritis hand' label='osteoarthritis, hand' ;; source_col=EFO 2 raw=MONDO:0006632"
"Osteoarthritis hip","MONDO:0005178","lexical","search='Osteoarthritis hip' label='osteoarthritis'"
"Osteoarthritis hip","MONDO:0006629","legacy_first_part|lexical","search='Osteoarthritis hip' label='osteoarthritis, hip' ;; source_col=EFO 4 raw=MONDO:0006629"
"Osteoarthritis knee","MONDO:0005178","lexical","search='Osteoarthritis knee' label='osteoarthritis'"
"Osteoarthritis knee","MONDO:0005416","legacy_first_part|lexical","search='Osteoarthritis knee' label='osteoarthritis, knee' ;; source_col=EFO 2 raw=MONDO:0005416"
"Osteoarthritis other","MONDO:0005178","lexical","search='Osteoarthritis other' label='osteoarthritis'"
"Osteoarthritis other","MONDO:0006630","legacy_first_part","source_col=EFO 1 raw=MONDO:0006630"
"Other benign and in situ neoplasms","MONDO:0004647","legacy_second_part","source_col=MAPPED_TRAIT_URI...3 raw=MONDO:0004647"
"Other benign and in situ neoplasms","MONDO:0005070","lexical","search='Other benign and in situ neoplasms' label='neoplasm'"
"Other benign and in situ neoplasms","MONDO:0005165","legacy_second_part","source_col=MAPPED_TRAIT_URI...2 raw=MONDO:0005165"
"Other cardiomyopathy","MONDO:0004994","legacy_second_part|lexical","search='Other cardiomyopathy' label='cardiomyopathy' ;; source_col=MAPPED_TRAIT_URI...3 raw=MONDO:0004994"
"Other cardiomyopathy","MONDO:0005336","lexical","search='Other cardiomyopathy' label='myopathy'"
"Other cardiovascular and circulatory diseases","MONDO:0000001","lexical","search='Other cardiovascular and circulatory diseases' label='disease'"
"Other chromosomal abnormalities","MONDO:0019040","legacy_second_part","source_col=MAPPED_TRAIT_URI...4 raw=MONDO:0019040"
"Other chromosomal abnormalities","PATO:0000461","lexical","search='Other chromosomal abnormalities' label='normal'"
"Other chronic respiratory diseases","EFO:0022941","legacy_second_part","source_col=MAPPED_TRAIT_URI...3 raw=EFO:0022941"
"Other chronic respiratory diseases","HP:0002086","legacy_second_part","source_col=MAPPED_TRAIT_URI...2 raw=HP:0002086"
"Other chronic respiratory diseases","MONDO:0000001","lexical","search='Other chronic respiratory diseases' label='disease'"
"Other congenital birth defects","MONDO:0002320","legacy_second_part","source_col=MAPPED_TRAIT_URI...2 raw=MONDO:0002320"
"Other congenital birth defects","MONDO:0005715","legacy_second_part","source_col=MAPPED_TRAIT_URI...5 raw=MONDO:0005715"
"Other congenital birth defects","MONDO:0018360","legacy_second_part","source_col=MAPPED_TRAIT_URI...7 raw=MONDO:0018360"
"Other congenital birth defects","MONDO:0019636","legacy_second_part","source_col=MAPPED_TRAIT_URI...6 raw=MONDO:0019636"
"Other congenital birth defects","MONDO:0019719","legacy_second_part","source_col=MAPPED_TRAIT_URI...4 raw=MONDO:0019719"
"Other digestive diseases","MONDO:0000001","lexical","search='Other digestive diseases' label='disease'"
"Other drug use disorders","EFO:0011049","legacy_second_part","source_col=MAPPED_TRAIT_URI...2 raw=EFO:0011049"
"Other eye cancers","MONDO:0002236","legacy_second_part","source_col=MAPPED_TRAIT_URI...2 raw=MONDO:0002236"
"Other eye cancers","MONDO:0004992","lexical","search='Other eye cancers' label='cancer'"
"Other gynecological diseases","MONDO:0000001","lexical","search='Other gynecological diseases' label='disease'"
"Other gynecological diseases","MONDO:0002263","legacy_second_part","source_col=MAPPED_TRAIT_URI...2 raw=MONDO:0002263"
"Other hemoglobinopathies and hemolytic anemias","MONDO:0002280","lexical","search='Other hemoglobinopathies and hemolytic anemias' label='anemia'"
"Other intestinal infectious diseases","MONDO:0000001","lexical","search='Other intestinal infectious diseases' label='disease'"
"Other intestinal infectious diseases","MONDO:0000916","legacy_second_part|lexical","search='Other intestinal infectious diseases' label='intestinal infectious disease' ;; source_col=MAPPED_TRAIT_URI...2 raw=MONDO:0000916"
"Other intestinal infectious diseases","MONDO:0005550","lexical","search='Other intestinal infectious diseases' label='infectious disease'"
"Other leukemia","MONDO:0005059","legacy_second_part|lexical","search='Other leukemia' label='leukemia' ;; source_col=MAPPED_TRAIT_URI...2 raw=MONDO:0005059"
"Other malignant neoplasms","MONDO:0005070","lexical","search='Other malignant neoplasms' label='neoplasm'"
"Other mental disorders","MONDO:0005084","legacy_second_part|lexical","search='Other mental disorders' label='mental disorder' ;; source_col=MAPPED_TRAIT_URI...2 raw=MONDO:0005084"
"Other neglected tropical diseases","MONDO:0000001","lexical","search='Other neglected tropical diseases' label='disease'"
"Other neoplasms","MONDO:0005070","legacy_second_part|lexical","search='Other neoplasms' label='neoplasm' ;; source_col=MAPPED_TRAIT_URI...2 raw=MONDO:0005070"
"Other neurological disorders","MONDO:0005071","legacy_second_part","source_col=MAPPED_TRAIT_URI...2 raw=MONDO:0005071"
"Other non-Hodgkin lymphoma","MONDO:0005062","lexical","search='Other non-Hodgkin lymphoma' label='lymphoma'"
"Other non-Hodgkin lymphoma","MONDO:0018908","lexical","search='Other non-Hodgkin lymphoma' label='non-Hodgkin lymphoma'"
"Other non-Hodgkin lymphoma","MONDO:0044887","legacy_first_part","source_col=EFO 2 raw=MONDO:0044887"
"Other non-rheumatic valve diseases","MONDO:0000001","lexical","search='Other non-rheumatic valve diseases' label='disease'"
"Other oral disorders","MONDO:0006858","legacy_second_part","source_col=MAPPED_TRAIT_URI...2 raw=MONDO:0006858"
"Other pharynx cancer","MONDO:0004992","lexical","search='Other pharynx cancer' label='cancer'"
"Other pharynx cancer","MONDO:0005517","legacy_second_part|lexical","search='Other pharynx cancer' label='pharynx cancer' ;; source_col=MAPPED_TRAIT_URI...3 raw=MONDO:0005517"
"Other pneumoconiosis","MONDO:0015926","legacy_second_part|lexical","search='Other pneumoconiosis' label='pneumoconiosis' ;; source_col=MAPPED_TRAIT_URI...2 raw=MONDO:0015926"
"Other sense organ diseases","MONDO:0000001","lexical","search='Other sense organ diseases' label='disease'"
"Other sense organ diseases","MONDO:0005715","legacy_first_part","source_col=EFO 3 raw=MONDO:0005715"
"Other sexually transmitted infections","EFO:0000544","lexical","search='Other sexually transmitted infections' label='infection'"
"Other sexually transmitted infections","MONDO:0021681","legacy_second_part","source_col=MAPPED_TRAIT_URI...3 raw=MONDO:0021681"
"Other skin and subcutaneous diseases","MONDO:0000001","lexical","search='Other skin and subcutaneous diseases' label='disease'"
"Other unspecified infectious diseases","MONDO:0000001","lexical","search='Other unspecified infectious diseases' label='disease'"
"Other unspecified infectious diseases","MONDO:0005550","legacy_second_part|lexical","search='Other unspecified infectious diseases' label='infectious disease' ;; source_col=MAPPED_TRAIT_URI...3 raw=MONDO:0005550"
"Other urinary diseases","MONDO:0000001","lexical","search='Other urinary diseases' label='disease'"
"Other urinary diseases","MONDO:0002118","legacy_second_part","source_col=MAPPED_TRAIT_URI...3 raw=MONDO:0002118"
"Other vision loss","HP:0000572","legacy_second_part","source_col=MAPPED_TRAIT_URI...2 raw=HP:0000572"
"Otitis media","MONDO:0005441","legacy_first_part|lexical","search='Otitis media' label='otitis media' ;; source_col=EFO 2 raw=MONDO:0005441"
"Otitis media","MONDO:0005892","lexical","search='Otitis media' label='otitis media with effusion'"
"Otitis media","MONDO:0005975","lexical","search='Otitis media' label='suppurative otitis media'"
"Otitis media","MONDO:0021204","lexical","search='Otitis media' label='chronic otitis media'"
"Ovarian cancer","EFO:0920034","lexical","search='Ovarian cancer' label='age at high-grade serous ovarian cancer diagnosis'"
"Ovarian cancer","MONDO:0004992","lexical","search='Ovarian cancer' label='cancer'"
"Ovarian cancer","MONDO:0008170","legacy_first_part|lexical","search='Ovarian cancer' label='ovarian cancer' ;; source_col=EFO 2 raw=MONDO:0008170"
"Pancreatic cancer","MONDO:0004992","lexical","search='Pancreatic cancer' label='cancer'"
"Pancreatitis","EFO:0021524","lexical","search='Pancreatitis' label='non-alcoholic pancreatitis'"
"Pancreatitis","EFO:1001507","lexical","search='Pancreatitis' label='asparaginase-induced acute pancreatitis'"
"Pancreatitis","MONDO:0003232","lexical","search='Pancreatitis' label='alcoholic pancreatitis'"
"Pancreatitis","MONDO:0004982","legacy_first_part|lexical","search='Pancreatitis' label='pancreatitis' ;; source_col=EFO 2 raw=MONDO:0004982"
"Pancreatitis","MONDO:0005003","lexical","search='Pancreatitis' label='chronic pancreatitis'"
"Pancreatitis","MONDO:0005589","lexical","search='Pancreatitis' label='thiopurine immunosuppressant-induced pancreatitis'"
"Pancreatitis","MONDO:0006515","lexical","search='Pancreatitis' label='acute pancreatitis'"
"Pancreatitis","MONDO:0017227","lexical","search='Pancreatitis' label='autoimmune pancreatitis type 1'"
"Paralytic ileus and intestinal obstruction","HP:0002590","lexical","search='Paralytic ileus and intestinal obstruction' label='Paralytic ileus'"
"Paralytic ileus and intestinal obstruction","MONDO:0004565","lexical","search='Paralytic ileus and intestinal obstruction' label='intestinal obstruction'"
"Paralytic ileus and intestinal obstruction","MONDO:0004567","lexical","search='Paralytic ileus and intestinal obstruction' label='ileus'"
"Paratyphoid fever","HP:0001945","lexical","search='Paratyphoid fever' label='Fever'"
"Paratyphoid fever","MONDO:0005619","lexical","search='Paratyphoid fever' label='typhoid fever'"
"Parkinson's disease","EFO:0600011","lexical","search='Parkinson's disease' label='Parkinson's disease symptom measurement'"
"Parkinson's disease","MONDO:0000001","lexical","search='Parkinson's disease' label='disease'"
"Parkinson's disease","MONDO:0005180","legacy_first_part","source_col=EFO 1 raw=MONDO:0005180"
"Peptic ulcer disease","HP:0004398","lexical","search='Peptic ulcer disease' label='Peptic ulcer'"
"Peptic ulcer disease","MONDO:0000001","lexical","search='Peptic ulcer disease' label='disease'"
"Peptic ulcer disease","MONDO:0004247","legacy_first_part|lexical","search='Peptic ulcer disease' label='peptic ulcer disease' ;; source_col=EFO 1 raw=MONDO:0004247"
"Periodontal diseases","MONDO:0000001","lexical","search='Periodontal diseases' label='disease'"
"Pertussis","MONDO:0005077","legacy_first_part|lexical","search='Pertussis' label='pertussis' ;; source_col=EFO 1 raw=MONDO:0005077"
"Pneumoconiosis","MONDO:0015926","legacy_first_part|lexical","search='Pneumoconiosis' label='pneumoconiosis' ;; source_col=EFO 1 raw=MONDO:0015926"
"Polycystic ovarian syndrome","MONDO:0008487","legacy_first_part","source_col=EFO 4 raw=MONDO:0008487"
"Prostate cancer","EFO:0600083","lexical","search='Prostate cancer' label='family history of prostate cancer'"
"Prostate cancer","MONDO:0004992","lexical","search='Prostate cancer' label='cancer'"
"Prostate cancer","MONDO:0008315","lexical","search='Prostate cancer' label='prostate cancer'"
"Protein-energy malnutrition","EFO:0008572","lexical","search='Protein-energy malnutrition' label='malnutrition'"
"Protein-energy malnutrition","MONDO:0001371","legacy_first_part|lexical","search='Protein-energy malnutrition' label='protein-energy malnutrition' ;; source_col=EFO 4 raw=MONDO:0001371"
"Pruritus","HP:0000989","legacy_first_part|lexical","search='Pruritus' label='Pruritus' ;; source_col=EFO 1 raw=HP:0000989 ;; source_col=EFO 4 raw=HP:0000989"
"Psoriasis","EFO:0007773","lexical","search='Psoriasis' label='cutaneous psoriasis measurement'"
"Psoriasis","EFO:0022382","lexical","search='Psoriasis' label='psoriasis area and severity index'"
"Psoriasis","EFO:1001494","lexical","search='Psoriasis' label='psoriasis vulgaris'"
"Psoriasis","MONDO:0005083","legacy_first_part|lexical","search='Psoriasis' label='psoriasis' ;; source_col=EFO 4 raw=MONDO:0005083"
"Psoriasis","MONDO:0006592","lexical","search='Psoriasis' label='parapsoriasis'"
"Psoriasis","MONDO:0013626","lexical","search='Psoriasis' label='psoriasis 14, pustular'"
"Pulmonary Arterial Hypertension","MONDO:0001999","lexical","search='Pulmonary Arterial Hypertension' label='idiopathic pulmonary arterial hypertension'"
"Pulmonary Arterial Hypertension","MONDO:0015924","lexical","search='Pulmonary Arterial Hypertension' label='pulmonary arterial hypertension'"
"Pyoderma","EFO:0006835","lexical","search='Pyoderma' label='pyoderma gangrenosum'"
"Pyoderma","HP:0000999","legacy_first_part|lexical","search='Pyoderma' label='Pyoderma' ;; source_col=EFO 2 raw=HP:0000999"
"Refraction disorders","EFO:0007814","legacy_second_part","source_col=MAPPED_TRAIT_URI...3 raw=EFO:0007814"
"Refraction disorders","MONDO:0004892","legacy_second_part","source_col=MAPPED_TRAIT_URI...2 raw=MONDO:0004892"
"Retinoblastoma","EFO:0020706","lexical","search='Retinoblastoma' label='retinoblastoma-associated protein measurement'"
"Retinoblastoma","EFO:0803012","lexical","search='Retinoblastoma' label='retinoblastoma-binding protein 5 measurement'"
"Retinoblastoma","EFO:0803013","lexical","search='Retinoblastoma' label='retinoblastoma-like protein 1 measurement'"
"Retinoblastoma","OBA:2040197","lexical","search='Retinoblastoma' label='level of retinoblastoma-like protein 1 in blood serum'"
"Retinoblastoma","OBA:2040198","lexical","search='Retinoblastoma' label='level of retinoblastoma-like protein 2 in blood serum'"
"Retinoblastoma","OBA:2043202","lexical","search='Retinoblastoma' label='level of retinoblastoma-binding protein 5 in blood serum'"
"Rheumatic heart disease","MONDO:0000001","lexical","search='Rheumatic heart disease' label='disease'"
"Rheumatic heart disease","MONDO:0006955","legacy_first_part|lexical","search='Rheumatic heart disease' label='rheumatic heart disease' ;; source_col=EFO 2 raw=MONDO:0006955"
"Rheumatoid arthritis","EFO:0009459","lexical","search='Rheumatoid arthritis' label='ACPA-positive rheumatoid arthritis'"
"Rheumatoid arthritis","EFO:0009460","lexical","search='Rheumatoid arthritis' label='ACPA-negative rheumatoid arthritis'"
"Rheumatoid arthritis","MONDO:0008383","legacy_first_part|lexical","search='Rheumatoid arthritis' label='rheumatoid arthritis' ;; source_col=EFO 3 raw=MONDO:0008383"
"Schizophrenia","EFO:0007927","lexical","search='Schizophrenia' label='schizophrenia symptom severity measurement'"
"Schizophrenia","MONDO:0005090","legacy_first_part|lexical","search='Schizophrenia' label='schizophrenia' ;; source_col=EFO 4 raw=MONDO:0005090"
"Schizophrenia","MONDO:0005414","lexical","search='Schizophrenia' label='treatment-refractory schizophrenia'"
"Schizophrenia","OBA:2001011","lexical","search='Schizophrenia' label='age of onset of schizophrenia'"
"Seborrhoeic dermatitis","MONDO:0002406","lexical","search='Seborrhoeic dermatitis' label='dermatitis'"
"Seborrhoeic dermatitis","MONDO:0006608","legacy_first_part","source_col=EFO 2 raw=MONDO:0006608"
"Sexually transmitted infections excluding HIV","EFO:0000544","lexical","search='Sexually transmitted infections excluding HIV' label='infection'"
"Soft tissue and other extraosseous sarcomas","HP:0001259","lexical","search='Soft tissue and other extraosseous sarcomas' label='Coma'"
"Soft tissue and other extraosseous sarcomas","MONDO:0005089","legacy_first_part|lexical","search='Soft tissue and other extraosseous sarcomas' label='sarcoma' ;; source_col=EFO 3 raw=MONDO:0005089"
"Soft tissue and other extraosseous sarcomas","MONDO:0006424","legacy_first_part","source_col=EFO 4 raw=MONDO:0006424"
"Stomach cancer","MONDO:0004992","lexical","search='Stomach cancer' label='cancer'"
"Stroke","EFO:0009603","lexical","search='Stroke' label='stroke outcome severity measurement'"
"Stroke","EFO:0009956","lexical","search='Stroke' label='post-operative stroke'"
"Stroke","EFO:0010555","lexical","search='Stroke' label='left ventricular stroke volume measurement'"
"Stroke","EFO:0020921","lexical","search='Stroke' label='hemorrhagic stroke'"
"Stroke","EFO:0021817","lexical","search='Stroke' label='right ventricular stroke volume measurement'"
"Stroke","EFO:1001504","lexical","search='Stroke' label='small vessel stroke'"
"Stroke","EFO:1001976","lexical","search='Stroke' label='cardioembolic stroke'"
"Stroke","HP:0002140","lexical","search='Stroke' label='Ischemic stroke'"
"Stroke","MONDO:0005098","lexical","search='Stroke' label='stroke disorder'"
"Stroke","MONDO:0005490","lexical","search='Stroke' label='large artery stroke'"
"Stroke","OBA:2040155","lexical","search='Stroke' label='age of onset of stroke disorder'"
"Subarachnoid hemorrhage","MONDO:0005099","legacy_first_part|lexical","search='Subarachnoid hemorrhage' label='subarachnoid hemorrhage' ;; source_col=EFO 3 raw=MONDO:0005099"
"Subarachnoid hemorrhage","MP:0001914","lexical","search='Subarachnoid hemorrhage' label='hemorrhage'"
"Tension-type headache","HP:0002315","lexical","search='Tension-type headache' label='Headache'"
"Tension-type headache","HP:0012228","legacy_first_part|lexical","search='Tension-type headache' label='Tension-type headache' ;; source_col=EFO 1 raw=HP:0012228"
"Testicular cancer","MONDO:0004992","lexical","search='Testicular cancer' label='cancer'"
"Testicular cancer","MONDO:0005447","legacy_first_part|lexical","search='Testicular cancer' label='testicular cancer' ;; source_col=EFO 1 raw=MONDO:0005447"
"Tetanus","EFO:0010085","lexical","search='Tetanus' label='anti-tetanus toxoid IgG measurement'"
"Thalassemias","MONDO:0000984","legacy_first_part|lexical","search='Thalassemias' label='thalassemia' ;; source_col=EFO 2 raw=MONDO:0000984"
"Thalassemias trait","MONDO:0000984","lexical","search='Thalassemias trait' label='thalassemia'"
"Thyroid cancer","MONDO:0002108","legacy_first_part|lexical","search='Thyroid cancer' label='thyroid cancer' ;; source_col=EFO 1 raw=MONDO:0002108"
"Thyroid cancer","MONDO:0004992","lexical","search='Thyroid cancer' label='cancer'"
"Thyroid diseases","MONDO:0000001","lexical","search='Thyroid diseases' label='disease'"
"Tracheal, bronchus, and lung cancer","MONDO:0004992","lexical","search='Tracheal, bronchus, and lung cancer' label='cancer'"
"Tracheal, bronchus, and lung cancer","MONDO:0008903","lexical","search='Tracheal, bronchus, and lung cancer' label='lung cancer'"
"Trachoma","EFO:0009330","lexical","search='Trachoma' label='Chlamydia trachomatis seropositivity'"
"Trachoma","EFO:0010903","lexical","search='Trachoma' label='anti-chlamydia trachomatis antibody measurement'"
"Tuberculosis","EFO:0007918","lexical","search='Tuberculosis' label='response to anti-tuberculosis drug'"
"Tuberculosis","EFO:0008407","lexical","search='Tuberculosis' label='susceptibility to Mycobacterium tuberculosis infection measurement'"
"Tuberculosis","EFO:0803635","lexical","search='Tuberculosis' label='mycobacterium tuberculosis seropositivity'"
"Tuberculosis","MONDO:0000368","lexical","search='Tuberculosis' label='extrapulmonary tuberculosis'"
"Tuberculosis","MONDO:0006042","lexical","search='Tuberculosis' label='meningeal tuberculosis'"
"Tuberculosis","MONDO:0006052","lexical","search='Tuberculosis' label='pulmonary tuberculosis'"
"Tuberculosis","MONDO:0018076","legacy_first_part|lexical","search='Tuberculosis' label='tuberculosis' ;; source_col=EFO 1 raw=MONDO:0018076"
"Typhoid and paratyphoid","MONDO:0005619","legacy_first_part","source_col=EFO 4 raw=MONDO:0005619"
"Typhoid fever","HP:0001945","lexical","search='Typhoid fever' label='Fever'"
"Typhoid fever","MONDO:0005619","lexical","search='Typhoid fever' label='typhoid fever'"
"Ulcerative colitis","MONDO:0005101","lexical","search='Ulcerative colitis' label='ulcerative colitis'"
"Ulcerative colitis","MONDO:0005292","lexical","search='Ulcerative colitis' label='colitis'"
"Upper digestive system diseases","MONDO:0000001","lexical","search='Upper digestive system diseases' label='disease'"
"Upper respiratory infections","EFO:0000544","lexical","search='Upper respiratory infections' label='infection'"
"Urinary diseases and male infertility","MONDO:0000001","lexical","search='Urinary diseases and male infertility' label='disease'"
"Urinary diseases and male infertility","MONDO:0002118","legacy_second_part","source_col=MAPPED_TRAIT_URI...6 raw=MONDO:0002118"
"Urinary diseases and male infertility","MONDO:0005372","legacy_second_part|lexical","search='Urinary diseases and male infertility' label='male infertility' ;; source_col=MAPPED_TRAIT_URI...3 raw=MONDO:0005372"
"Urinary tract infections and interstitial nephritis","EFO:0000544","lexical","search='Urinary tract infections and interstitial nephritis' label='infection'"
"Urinary tract infections and interstitial nephritis","MONDO:0001085","legacy_second_part|lexical","search='Urinary tract infections and interstitial nephritis' label='interstitial nephritis' ;; source_col=MAPPED_TRAIT_URI...4 raw=MONDO:0001085"
"Urinary tract infections and interstitial nephritis","MONDO:0001166","lexical","search='Urinary tract infections and interstitial nephritis' label='nephritis'"
"Urinary tract infections and interstitial nephritis","MONDO:0100338","lexical","search='Urinary tract infections and interstitial nephritis' label='urinary tract infection'"
"Urogenital congenital anomalies","MONDO:0019640","legacy_first_part","source_col=EFO 3 raw=MONDO:0019640"
"Urolithiasis","MONDO:0024647","legacy_first_part|lexical","search='Urolithiasis' label='urolithiasis' ;; source_col=EFO 4 raw=MONDO:0024647"
"Urticaria","MONDO:0005492","legacy_first_part|lexical","search='Urticaria' label='urticaria' ;; source_col=EFO 3 raw=MONDO:0005492"
"Uterine cancer","MONDO:0002715","lexical","search='Uterine cancer' label='uterine cancer'"
"Uterine cancer","MONDO:0004992","lexical","search='Uterine cancer' label='cancer'"
"Uterine fibroids","EFO:0021423","lexical","search='Uterine fibroids' label='family history of uterine fibroids'"
"Varicella and herpes zoster","MONDO:0005609","legacy_first_part|lexical","search='Varicella and herpes zoster' label='herpes zoster' ;; source_col=EFO 2 raw=MONDO:0005609"
"Vascular intestinal disorders","MONDO:0005020","lexical","search='Vascular intestinal disorders' label='intestinal disorder'"
"Viral skin diseases","MONDO:0000001","lexical","search='Viral skin diseases' label='disease'"
"Viral skin diseases","MONDO:0021201","legacy_second_part","source_col=MAPPED_TRAIT_URI...2 raw=MONDO:0021201"
"Visceral leishmaniasis","MONDO:0005445","lexical","search='Visceral leishmaniasis' label='visceral leishmaniasis'"
"Yellow fever","HP:0001945","lexical","search='Yellow fever' label='Fever'"
"Zika virus","MONDO:0000890","lexical","search='Zika virus' label='Zika virus congenital syndrome'"
